Año,2010,2010.1,2010.2,2010.3,2011,2011.1,2011.2,2011.3,2012,2012.1,2012.2,2012.3,2013,2013.1,2013.2,2013.3,2014,2014.1,2014.2,2014.3,2015,2015.1,2015.2,2015.3,2016,2016.1,2016.2,2016.3,2017,2017.1,2017.2,2017.3,2018,2018.1,2018.2,2018.3,2019,2019.1,2019.2,2019.3,2020,2020.1,2020.2,2020.3,2021,2021.1,2021.2,2021.3,2022,2022.1,2022.2,2022.3,2023,2023.1
111 - Agricultura,,125516.55800000002,-142709.876,118087.51000000001,-93685.52400000003,37552.33600000001,-67381.696,128568.908,-84187.44099999999,91150.853,-131175.858,177140.43200000003,-126746.83200000005,121966.92500000005,-146430.90600000002,178014.809,-127516.54800000001,107210.69400000002,-130245.53900000005,157495.608,-107882.36799999996,71419.788,-137425.326,202380.95199999993,-138959.03899999993,96327.41699999996,-117681.41499999998,188350.02400000003,-131699.76900000003,78672.75499999995,-142080.31099999993,224590.325,-136108.684,78477.88300000003,-168808.10000000003,233230.06199999998,-129078.32400000002,56937.61600000004,-153180.028,206066.305,-129393.04999999999,63544.30699999997,-111639.40899999999,180495.777,-132501.794,101069.26699999999,-163117.22000000003,224617.07100000005,-161263.78600000002,100790.38699999993,-153588.66899999994,275658.548,-213134.076,102883.47199999995
112 - Cría y explotación de animales,,8952.847999999998,11281.49900000001,4031.2299999999814,-22993.019,6559.290999999997,18093.05600000001,4246.154999999999,-23641.358999999997,10416.152000000002,7798.4100000000035,4845.934999999998,-26585.125,6574.685999999987,8379.758000000002,6851.676999999996,-21197.29699999999,10406.725000000006,6956.698999999993,8067.795000000013,-21762.398000000016,10038.448000000004,9351.790000000008,4194.540999999997,-26145.97,8830.100000000006,8959.111999999994,7725.226999999984,-24186.516999999993,9710.84599999999,14485.252000000008,7588.966000000015,-25315.256000000023,8761.95200000002,12908.896000000008,9370.911999999982,-27427.948999999993,10245.188999999984,14157.599000000017,10036.939000000013,-27096.522000000026,9202.54800000001,18185.242,8146.071999999986,-30945.824999999983,11930.356999999989,13298.190000000002,9604.193000000028,-28283.552000000025,12156.858999999997,12978.391999999993,9647.363000000012,-30631.516999999993,13189.45299999998
113 - Aprovechamiento forestal,,2315.0960000000014,-1932.4619999999995,2646.3679999999986,-4158.132999999998,3793.084999999999,-2415.4609999999993,3137.0469999999987,-3498.999,3492.803,-3020.9929999999986,1973.0849999999991,-2781.4350000000013,2488.380000000001,-2697.6749999999993,2534.9379999999983,-2176.1359999999986,2102.4559999999983,-1744.565999999999,1179.4069999999992,-119.68000000000029,1080.2710000000006,-2032.5190000000002,1639.5529999999999,-1426.9300000000003,2472.8560000000034,-881.5920000000006,2169.459999999999,-1417.671000000002,1874.8990000000013,-1496.9300000000003,1046.0550000000003,-1262.8099999999977,1599.548999999999,-1333.2170000000006,784.9619999999995,-928.5030000000006,945.7610000000022,-969.8919999999998,1863.7329999999965,936.617000000002,-3781.215,3272.9799999999996,3053.189000000002,-3977.1980000000003,558.6129999999976,339.59500000000116,1045.3909999999996,-1108.7870000000003,-1855.6899999999987,708.1389999999992,1682.5720000000001,-1665.3379999999997,-1414.8359999999993
"114 - Pesca, caza y captura",,-399.28600000000006,-569.9840000000004,3014.446,-4031.2999999999993,791.6300000000001,1672.8509999999997,3161.370999999999,-5215.7029999999995,841.4369999999999,584.4670000000006,2398.312,-3471.657,262.7330000000002,1109.2870000000003,3986.0870000000004,-4286.636,189.10299999999916,647.5890000000009,3728.8769999999995,-1997.1530000000002,-2573.893,1834.1239999999998,6249.491,-6253.835999999999,-818.1819999999998,1674.624999999999,5727.285,-7305.566999999999,-802.1990000000005,2097.3870000000006,4958.419,-6148.0160000000005,483.32900000000063,603.5949999999993,3100.251,-5906.139,654.665,137.35500000000047,3190.5150000000003,-3158.1410000000005,-1154.6639999999998,231.067,3123.9450000000006,-2658.3250000000007,472.3580000000002,-2.7700000000004366,3718.9750000000004,-4046.999,-735.5880000000006,635.2080000000005,3644.6899999999996,-3751.5059999999994,-107.21800000000076
115 - Servicios relacionados con las actividades agropecuarias y forestales,,113.79100000000017,-799.5710000000004,200.3409999999999,-63.85299999999961,-25.21100000000024,-168.4359999999997,761.989,-73.63299999999981,162.82399999999961,-481.15700000000015,1047.442,-701.1779999999999,881.5039999999999,-1205.9589999999998,803.8670000000002,48.92999999999938,377.47299999999996,-973.7649999999994,772.7439999999997,-43.197000000000116,-380.89899999999943,-127.79600000000028,768.0410000000002,-885.6260000000002,1030.5,-344.04399999999987,613.4439999999995,-1102.7519999999995,803.0799999999999,-151.51199999999972,1598.0189999999993,-1683.9339999999993,570.4929999999995,-855.8900000000003,2096.4770000000008,-1686.9140000000007,62.4320000000007,-341.7629999999999,1666.0329999999994,-950.8999999999996,-268.9490000000005,-1026.3759999999993,2045.071,-1114.4680000000008,145.66000000000076,-634.5390000000007,2214.2030000000004,-1581.6440000000002,-36.03600000000006,-774.1729999999998,2350.184,-1169.1370000000006,-291.58799999999974
211 - Extracción de petróleo y gas,,1163.9610000000102,8820.326000000001,-7981.067000000039,-9380.687000000034,3436.1040000000503,-4007.347999999998,1456.3479999999981,-6519.072000000044,-403.25699999998324,7726.21100000001,-118.16700000001583,-17253.05799999996,-2437.5250000000233,6742.646000000066,5028.478000000003,-19519.964000000036,1511.2069999999367,-12906.072999999975,-13804.542999999947,-29304.775000000023,-22618.180999999982,24300.55799999996,350.81500000006054,-22709.465000000084,-21332.997999999905,-9559.331000000006,-27653.436000000103,-30310.657999999938,1087.9899999999907,-42018.947000000044,-7346.323999999906,-11525.110000000102,-4701.063999999897,-8201.47100000002,-35188.74600000004,-30217.13500000001,3620.871999999974,14680.128000000026,1361.7079999999842,7868.145000000019,-22972.219999999972,4352.798999999999,3906.8029999999562,-1069.2260000000242,13380.052000000025,10598.125,7444.074000000022,-4716.912000000011,10192.439000000013,11173.430000000051,2572.2339999999385,601.1700000000419,14304.429000000004
"212 - Minería de minerales metálicos y no metálicos, excepto petróleo y gas",,10837.582999999984,-3617.8179999999993,8222.861999999994,-4261.258000000002,20187.641000000003,-5721.872999999992,10522.815000000002,14206.31700000001,4805.677999999985,-10725.55799999999,177.17499999998836,21597.68299999999,-830.3910000000033,-17835.378999999986,16561.419000000024,-11762.44100000002,14096.447000000015,-6215.4130000000005,6115.842000000004,-6075.197000000044,43.98800000001211,2718.3330000000424,-3660.619000000035,1925.8849999999802,14654.041000000027,-2512.107000000018,2243.079000000027,-9113.343999999983,10598.771999999997,-7923.8429999999935,2028.161999999953,-5580.554999999993,5476.543999999994,-14023.579999999987,1494.5320000000065,-11846.765000000014,2847.99000000002,2396.6509999999835,7590.09600000002,6552.192999999999,-51712.455000000016,59498.00099999999,13653.531000000017,-17918.256999999983,-689.0,-1159.3490000000456,6526.794000000053,1869.2219999999506,-1410.2770000000019,-338.15499999996973,7455.795999999973,-6815.156999999948,-3738.7490000000107
213 - Servicios relacionados con la minería,,17841.481,-18143.804999999993,-11242.17300000001,1675.2750000000087,6015.756999999998,3511.8830000000016,17366.498999999996,-24108.252000000008,5702.894,5184.763000000006,12701.275999999998,-23351.879,1225.1940000000031,10691.164999999994,8790.935000000012,-10674.388000000006,-8916.797000000006,17378.202000000005,-9279.164999999994,6109.106999999989,-7232.890999999989,-4951.994000000006,-10205.243000000002,14595.974000000002,-19646.731,3770.900999999998,2761.63900000001,1467.7799999999988,-9717.167000000009,4153.042000000001,-1312.4349999999977,-1224.5690000000031,-2370.784999999996,3022.4190000000017,-2335.1340000000055,9201.102999999996,-6572.147999999994,18084.928999999996,-7718.872999999992,9586.054999999993,-12973.371,2253.377999999997,-15254.802999999993,8641.272000000004,-2792.297000000006,9501.86,-9833.385000000002,7458.072999999997,6458.864000000001,-6413.001999999993,6919.75,3030.82699999999,-1659.2449999999953
"221 - Generación, transmisión, distribución y comercialización de energía eléctrica, suministro de agua y de gas natural por ductos al consumidor final",,28805.506999999983,29675.396999999997,-27410.925999999978,-5829.527000000002,32932.034999999974,20412.076,-30323.044999999984,-14886.28899999999,29929.400000000023,19292.08799999999,-29958.663,-16106.533999999985,33313.695999999996,21439.142999999982,-31361.017999999982,777.2289999999921,34255.712,20516.76000000001,-31471.504000000015,-19420.640000000014,26839.261999999988,31780.51900000003,-28075.864,-38495.330000000016,40622.739,23078.896000000008,-33477.625,-6607.63400000002,36397.563000000024,21144.381999999983,-32283.717000000004,-23224.140000000014,41958.56700000004,33393.80900000001,-47526.663,-54326.39600000001,41121.68599999999,34113.674,-36722.44900000002,-31429.322999999975,-2237.447999999975,51515.84899999999,-47165.92300000001,-104636.54100000003,29048.59500000003,15415.99900000001,-27278.49100000004,-3144.592000000004,38228.989,17364.934999999998,-31589.840999999957,-8878.926000000036,26289.939000000013
236 - Edificación,,-22545.875,-6317.209000000032,28152.14399999997,-50016.823999999906,59379.50699999998,32952.51099999994,60807.777,-90474.09699999995,21070.00199999998,39700.29799999995,-12116.013999999966,-60827.18200000003,5763.242000000086,4987.65399999998,38034.74199999997,-49385.91000000003,54225.349000000046,-17252.25899999996,63681.353999999934,-106955.468,78774.00600000005,90743.09799999988,-72899.49399999995,-37427.909999999916,72130.60399999993,4150.006999999983,35038.4090000001,-72653.96000000008,4997.670999999973,63071.13500000001,14002.456000000006,-47553.478,28308.078000000096,1688.2049999998417,-4433.098999999929,-3740.100000000093,-14587.171999999788,-38124.51600000006,20924.931999999913,-62559.505000000005,-328489.5519999999,188446.54999999993,116852.20000000007,-37408.65000000002,20924.67499999993,22338.36200000008,75.59499999997206,-16625.847999999998,16778.67299999995,-30184.06999999995,40971.81799999997,-16389.61599999992,26344.599999999977
237 - Construcción de obras de ingeniería civil,,15249.61500000002,10766.594999999972,40818.97399999999,-61427.36399999997,11495.989999999962,19302.049000000057,42992.41199999995,-74731.639,14740.068,26357.223999999987,31551.576,-73701.84099999999,21414.636000000028,24296.898999999976,45220.47000000003,-94060.84700000001,13363.37400000001,28970.429000000004,49097.023999999976,-83128.05599999998,713.8319999999949,35111.02899999998,32425.728999999992,-74627.81399999998,-6237.309999999998,335.28800000000047,37147.15699999998,-55154.639999999985,-21321.103999999992,11177.895999999979,47607.73200000002,-59315.36800000002,-5199.636999999988,1691.103999999992,20202.891000000003,-32394.342999999993,-7017.540000000008,4515.304999999993,-587.9089999999851,-28441.907999999996,-18656.742,1543.5209999999788,11175.793000000005,-8637.819999999978,2335.584999999992,12678.177999999985,11217.582000000024,-20124.70300000001,-1662.3950000000186,20516.938000000024,39054.225999999995,6007.332999999984,113841.26499999998
238 - Trabajos especializados para la construcción,,2696.459999999992,2461.323000000004,-3071.6140000000014,-773.255999999994,9172.748999999996,1550.077999999994,1437.953999999998,-6336.659999999989,11577.94600000001,1169.237999999983,-6668.114000000001,-6103.406999999992,3454.804999999993,1947.7219999999943,4615.561000000016,2309.1929999999993,1684.6659999999974,3528.548999999999,2247.920000000013,354.52899999998044,-2271.329999999987,-2193.4839999999967,9614.883000000002,2131.6119999999937,840.4769999999844,4719.303000000014,17794.54699999999,-5250.128999999986,173.30199999999604,-3534.5380000000005,8848.997000000003,6180.34699999998,-3760.5969999999797,4703.896999999997,-5881.198999999993,-8993.080000000016,984.5109999999986,-873.070000000007,-4287.160999999993,-1911.3299999999872,-44824.951,32193.96099999998,14484.415000000008,6885.133000000002,10998.728999999992,-18559.391999999993,8938.592999999993,4397.6600000000035,29588.811000000016,-26949.732000000018,9456.306000000011,-4745.0929999999935,11528.560999999987
311 - Industria alimentaria,,-34816.55900000001,-14176.751000000047,34710.12600000005,32246.587000000058,-40835.43000000005,2022.954000000027,31640.76099999994,33101.42000000004,-39921.74899999995,-19488.920000000042,47937.92000000004,10139.41499999992,-23157.155000000028,-24686.719999999972,41968.0,20858.201,-25314.91499999992,-31702.25800000003,37230.99599999993,42287.7080000001,-28892.867000000086,-31483.494999999995,35559.081000000006,33221.53600000008,-8333.0070000001,-39050.12799999991,47686.25099999993,33722.299,-40958.804000000004,-20599.516999999993,48032.195999999996,28911.486000000034,-17440.298000000068,-31898.638999999966,34851.793999999994,38794.24600000004,-22736.582999999984,-33253.648000000045,32070.447000000044,40480.56699999992,-49221.78999999992,-32546.93400000001,46666.98100000003,35309.015999999945,-21048.27099999995,-19747.65300000005,37611.56900000002,23618.812999999966,-11424.189000000013,-33441.80799999996,29159.314999999944,8196.76800000004,-24479.64599999995
312 - Industria de las bebidas y del tabaco,,32302.609999999986,1100.3999999999942,-4033.3219999999856,-16493.687000000005,31563.130999999994,-7704.101999999984,-7101.537000000011,-7944.722000000009,24598.712,-7661.666999999987,-5188.421999999991,-12582.595000000001,24076.50999999998,-2666.3399999999965,-7244.690000000002,-14042.481999999989,32319.737999999983,-2689.1820000000007,-9607.729999999981,-17533.551000000007,29875.936000000016,10043.780999999988,-4711.543000000005,-19480.688999999984,31987.75899999999,2655.929999999993,-5474.785999999993,-22227.81700000001,32973.831000000006,1237.1730000000098,-3991.5320000000065,-21850.992,38602.701,-3428.347999999998,-10088.091000000015,-14446.744000000006,32899.07900000003,1548.1239999999816,-13330.611999999994,-27040.369000000006,-27484.00899999999,68797.331,-10394.837,-28881.19200000001,32653.834000000003,13639.551999999996,-8695.026000000013,-22240.389999999985,30161.573000000004,14430.388999999966,-17061.44499999995,-34237.18300000002,20163.718999999983
313 - Fabricación de insumos textiles y acabado de textiles,,172.4559999999983,3403.6769999999997,-1076.7260000000024,-2195.056999999997,-1546.6399999999994,2263.883999999998,-1287.0,-154.90299999999843,207.0099999999984,2528.4789999999994,-819.6629999999968,-1996.8480000000018,802.1000000000022,512.1810000000005,-981.3370000000032,-80.25199999999677,-929.6750000000029,2638.7210000000014,-1085.0980000000018,170.49600000000282,862.8119999999981,1992.6950000000033,-2389.1790000000037,-179.28499999999985,1309.0090000000018,1244.0210000000006,-2928.196,1262.3109999999979,-636.8009999999995,1089.8739999999998,-2016.3770000000004,914.9310000000005,1469.0369999999966,456.75700000000506,-1826.5200000000004,-32.31500000000233,-336.9559999999983,-362.89900000000125,-1969.8970000000008,-890.864999999998,-16726.357,11541.3,2408.666000000001,670.0069999999978,2472.3430000000008,1828.023000000001,159.8169999999991,29.802999999999884,-645.6549999999988,-123.52900000000227,-3589.4869999999974,-326.6409999999996,-309.6560000000027
"314 - Fabricación de productos textiles, excepto prendas de vestir",,2173.7170000000006,-191.53499999999985,-21.941000000000713,-2075.3999999999996,1184.3349999999991,1937.7890000000007,-1600.434000000001,-1305.592999999999,1441.262999999999,1986.2500000000018,-1746.326000000001,-1715.6139999999996,2485.5330000000013,250.66699999999764,-2044.7649999999994,226.84399999999914,1279.2630000000008,850.8220000000001,-637.0410000000011,-1047.4889999999996,2646.414999999999,140.8000000000029,-1036.826000000001,168.5109999999986,1519.8719999999994,-558.6129999999976,-1083.7050000000017,-2289.2059999999983,1164.565999999999,469.3080000000009,23.36200000000099,-1013.4970000000012,2014.5609999999997,1133.8400000000001,-1301.8909999999996,-1531.3110000000015,309.5730000000003,538.9429999999993,-312.41300000000047,-659.7429999999986,-5238.761,5726.428,-389.8859999999986,151.64899999999943,6.880999999999403,1107.9840000000022,-812.4590000000007,-80.22500000000036,-565.3720000000012,501.4240000000009,-1436.7029999999995,1093.9599999999991,172.20199999999932
315 - Fabricación de prendas de vestir,,3454.940999999999,2357.1860000000015,-2812.123000000007,-6334.277999999998,1708.2350000000006,3864.190999999999,9.656000000002678,-3695.2160000000003,-593.9809999999998,7098.763999999996,-495.02999999999884,-8442.097999999998,4854.834999999999,6637.131000000001,-815.9100000000035,-5423.862999999998,-298.05799999999726,6976.0769999999975,-2399.854999999996,-5216.353999999999,2731.8009999999995,9125.457999999999,-2338.846000000005,-7205.6219999999885,2370.2649999999994,3881.232999999993,-1432.0660000000062,-2243.6089999999967,-492.1209999999992,3063.600000000006,-840.2070000000094,-4605.171999999991,5229.471999999994,2238.4660000000003,-288.28800000000047,-4195.953999999998,782.502999999997,-870.0120000000024,-2778.7919999999867,-10376.352000000006,-21928.442000000003,14440.791000000005,2191.127999999997,140.28399999999965,5685.429000000004,1984.6919999999955,1933.6960000000036,-4923.635999999999,3434.1849999999977,1183.6259999999966,-3363.4029999999984,-7126.938000000002,2813.284000000007
"316 - Curtido y acabado de cuero y piel, y fabricación de productos de cuero, piel y materiales sucedáneos",,-11.844000000004598,636.622000000003,-2096.796000000002,1218.3340000000026,-1395.3739999999998,1342.3849999999984,-938.4350000000013,3216.6650000000045,-2624.3020000000033,809.6650000000009,-1412.7230000000018,-306.4459999999999,876.755000000001,283.36399999999776,-925.788999999997,328.78199999999924,96.0560000000005,3046.1609999999964,-1774.215999999993,-83.1840000000011,75.41199999999662,1069.997000000003,-1359.6940000000031,-1030.1939999999995,1049.9090000000033,-659.4530000000013,-1162.2050000000017,300.3220000000001,-880.5529999999999,1104.3400000000001,-1103.0329999999994,-1392.0529999999999,2484.3849999999984,544.7620000000024,-1591.2230000000018,-937.0790000000015,932.0790000000015,306.8869999999988,-3757.2690000000002,-2561.1349999999984,-11793.583,8712.461000000001,579.3029999999999,454.0400000000009,1127.4889999999978,2467.7090000000026,-536.8840000000018,-62.00300000000061,484.65400000000227,2379.2829999999994,-1812.768,-363.15300000000207,113.72300000000178
321 - Industria de la madera,,5971.383999999998,-5540.040999999997,-38.21900000000096,1942.617000000002,5922.935999999994,-5952.443999999996,-2557.125,4269.625999999997,7852.965000000004,-5308.065999999999,29.312999999994645,-1317.0329999999958,3726.2419999999984,-3467.4449999999997,-886.8810000000012,-788.5659999999989,5394.557000000001,-4755.832999999999,-1474.3050000000003,3741.741000000002,3287.5679999999993,-4804.571000000004,47.925999999999476,799.3709999999992,4336.809000000001,-5217.258000000002,-618.8179999999993,3858.7580000000016,2166.243000000002,-3939.8740000000034,-2902.896999999997,3992.254000000001,1931.903999999995,-2966.0,-3087.926999999996,6503.506000000001,-2801.4579999999987,-575.0450000000055,-2891.663999999997,1641.9559999999983,-4941.440999999999,2498.7079999999987,1504.395000000004,3509.2339999999967,1963.7309999999998,-1818.0570000000007,-1364.726999999999,753.872000000003,892.4649999999965,-2832.2649999999994,-258.16300000000047,-787.4579999999987,-1811.7410000000018
322 - Industria del papel,,1897.7390000000014,-435.5200000000041,-1073.7100000000064,1365.5920000000042,-270.9860000000044,-421.1389999999956,-1245.0720000000001,3940.54800000001,1510.6559999999881,-309.6229999999923,-700.7980000000098,1216.8180000000139,844.5299999999988,-405.6490000000049,341.7649999999994,3238.320000000007,327.75999999999476,355.17699999999604,2162.646000000008,1491.7969999999914,-111.35099999999511,814.8910000000033,1576.8229999999894,2424.5820000000094,751.7319999999891,-1544.156999999992,817.0629999999946,4412.199000000008,-900.2960000000021,1126.524000000005,-1301.7950000000128,1792.5650000000023,2690.797000000006,-1160.2130000000034,-312.2859999999928,2596.629000000001,-2755.4050000000134,-1327.7409999999945,-2338.4560000000056,3735.494000000006,-9638.596999999994,3213.25,1266.3229999999894,2491.694000000003,6634.5090000000055,1811.353999999992,470.34000000001106,-1048.1110000000044,1846.4109999999928,482.2780000000057,-3480.3600000000006,17.543000000005122,-1580.423999999999
323 - Impresión e industrias conexas,,4243.851999999999,997.9730000000018,2226.626,-5948.379000000001,1630.3050000000003,2647.321,3175.941999999999,-8130.9310000000005,3689.1759999999995,1651.7360000000008,-2502.5519999999997,-4015.0699999999997,2371.2570000000014,585.994999999999,815.2749999999978,-4094.017,2245.6500000000015,1847.8640000000014,2722.0099999999984,-4383.6500000000015,645.6840000000011,945.2040000000015,2168.3719999999994,-3689.643,2651.776999999998,-115.66699999999764,200.8859999999986,-2254.172999999999,665.6179999999986,2389.9940000000024,514.6849999999977,-2981.428,3065.762999999999,-187.90199999999822,-668.5930000000008,-2791.816999999999,134.53199999999924,636.1980000000003,-1165.1599999999999,-1891.8240000000005,-1689.940999999999,1215.8600000000006,998.1659999999974,360.875,2918.2440000000024,1533.4729999999981,235.1020000000026,-2402.5560000000005,1231.7439999999988,1381.2429999999986,102.00800000000163,-3006.8640000000014,1512.7880000000005
324 - Fabricación de productos derivados del petróleo y del carbón,,1337.4180000000051,-10720.020000000019,-33113.90599999996,19821.62699999998,-1902.4459999999963,-332.75900000002,-1621.1399999999558,8916.524999999965,10973.063000000024,-18436.021000000008,1506.1049999999814,4967.271000000008,31823.636999999988,-24573.360999999975,-3242.253000000026,-13165.839999999967,23678.265000000014,-16431.003000000026,-27492.832999999984,-3523.9710000000196,700.0769999999902,4504.559000000008,-4194.116999999969,496.62999999994645,-8965.756999999983,-44116.72099999999,-20534.994999999995,32338.052999999985,-4217.899000000005,-57678.481,-26984.868999999977,7560.179000000004,35616.79199999999,-20772.439000000013,-33496.54199999999,7027.793999999994,20583.232000000018,6922.180999999982,-20757.49899999998,-9524.993000000017,23976.58600000001,-23137.701,6470.948000000004,39044.436999999976,-22677.697999999975,12662.872000000003,10170.185999999987,22435.997999999992,-7765.15399999998,2640.6289999999863,9904.540000000008,-1631.9619999999995,-4448.682000000001
325 - Industria química,,10547.226000000024,-10480.254000000015,-3984.6870000000345,-13492.070999999996,24873.05500000005,-9430.309000000008,-10717.04800000001,2231.31799999997,21978.032000000007,-11187.506999999983,-11981.444000000018,-4124.7089999999735,23610.21100000001,604.7839999999851,-16886.417000000016,-1465.701000000001,9737.66399999999,-3375.5349999999744,-5811.243000000017,-7418.734999999986,9739.406000000017,3324.619000000006,-11275.716000000015,-5521.511999999988,16558.37699999998,581.6599999999744,-17486.875,7087.330000000016,3581.113000000012,-4647.701000000001,-8485.853999999992,5174.417000000016,11052.203999999969,-8282.021000000008,-7725.130999999994,-7533.9070000000065,10270.112000000023,3949.387999999977,-13102.462,3962.4000000000233,-26247.226000000024,20404.234999999986,995.2470000000321,-5744.9070000000065,2942.222000000009,19578.523999999976,232.24200000002747,3739.1599999999744,-518.9230000000098,402.02900000003865,-11994.027999999991,22685.621999999974,-26009.217000000004
326 - Industria del plástico y del hule,,6332.323000000004,5221.7119999999995,-4255.440999999992,3744.527999999991,2736.720000000001,5942.069000000003,-5349.513999999996,8390.266999999993,4726.596000000005,271.7129999999888,-7620.005999999994,-3777.903999999995,5698.580000000002,-1600.1889999999985,-6930.566000000006,7174.641000000003,3488.298999999999,470.8489999999874,-2385.314999999988,6324.498000000007,1372.4059999999881,3546.4290000000037,-3682.4530000000086,6178.7119999999995,2785.0250000000233,635.6039999999921,-5703.447000000015,7172.879000000015,-506.89199999999255,217.63799999997718,-4762.571999999986,4485.244999999995,6419.622000000003,-788.890000000014,-4809.309999999998,3110.6119999999937,822.085000000021,1076.4519999999902,-12493.546999999991,5668.641999999993,-36044.070999999996,39208.282999999996,1268.350999999995,8621.850999999995,4776.251000000018,2251.770999999979,-6015.177999999985,6233.709999999992,2175.1790000000037,995.6549999999988,-8491.407999999996,1040.1719999999914,1340.8950000000186
327 - Fabricación de productos a base de minerales no metálicos,,13748.32299999999,-3078.035999999993,4446.473999999987,-6539.304000000004,12709.925000000017,-4994.694000000018,4729.181000000011,-4997.424999999988,5910.801999999996,2366.6410000000033,-4000.828999999998,-10731.195999999996,8131.103999999992,-3406.7520000000077,1083.5389999999898,-1355.3469999999797,6951.376999999979,1826.3420000000042,1328.5629999999946,-377.1569999999774,7733.823999999993,2105.9260000000068,-2407.853000000003,-5656.84600000002,12474.822000000015,-988.3340000000026,-2287.8029999999853,-3843.862000000023,3784.738000000012,-2181.3889999999956,1018.734999999986,-3385.375,6868.948999999993,-1304.600999999995,-5301.802999999985,-3402.939000000013,6652.858999999997,-1338.4249999999884,-3926.7330000000075,-877.698000000004,-25017.406999999992,29567.76299999999,6599.218000000023,-1781.960000000021,8143.47100000002,-4654.415999999997,940.9510000000009,-971.2180000000226,3644.844000000012,-1262.8399999999965,2630.9619999999995,-5471.065999999992,865.9549999999872
331 - Industrias metálicas básicas,,9301.116000000009,692.945000000007,-12920.526000000013,4509.847999999998,6066.491999999998,7492.768000000011,-4812.410999999993,14327.332000000024,-497.0460000000312,-2020.1760000000068,-16498.541999999987,7759.923999999999,-1324.8770000000077,3314.8360000000102,-9071.766000000003,35379.48299999998,-2041.5409999999683,-6511.544999999984,7245.962999999989,-8425.861000000034,3201.0650000000023,6327.438000000024,-17249.46000000002,9103.027999999991,-2829.1169999999693,-2004.8170000000391,3559.4130000000005,14607.18100000004,-8577.673999999999,-1914.0900000000256,-8257.571999999986,-3468.1410000000033,6362.706000000006,-16019.352000000014,-10822.092000000004,15342.931000000011,-8539.937999999995,3892.1509999999835,-15462.470000000001,10173.931000000011,-36060.12700000001,11698.048999999999,23976.774000000005,3855.997000000003,6430.71100000001,-4199.869000000006,6014.611999999994,3615.0710000000254,8199.805999999982,-14596.776000000013,16335.478999999992,233.774000000034,-11322.023000000045
332 - Fabricación de productos metálicos,,8750.098999999987,13802.782000000007,-7358.146000000008,1781.088000000018,564.5699999999779,12762.647000000026,-3282.987000000023,-4013.810999999987,2520.464000000007,9676.722999999998,-8780.705000000016,-20221.945999999996,10791.205000000016,770.9799999999814,-7476.636999999988,4948.484999999986,5179.56700000001,9290.366999999998,-3111.587999999989,4276.388999999996,1970.6110000000044,2141.0599999999977,-5814.804000000004,1240.3929999999818,1632.6140000000014,98.41200000001118,638.5009999999893,-144.2709999999788,-7154.555000000022,-3317.5009999999893,-6364.677999999985,2061.1539999999804,7862.793999999994,-3514.93299999999,-2182.078999999998,1815.7609999999986,5079.125999999989,825.25900000002,-3763.847000000009,792.7909999999974,-47233.178,51979.618,2850.5689999999886,6003.090000000026,-2317.448000000004,-1715.4530000000086,-3250.923999999999,2950.527000000002,-2650.8000000000175,1017.8190000000177,-5190.948000000004,5052.116000000009,9185.074999999983
333 - Fabricación de maquinaria y equipo,,17266.051999999996,7824.916999999987,3846.9070000000065,-5603.527999999991,11507.829999999987,1315.7050000000163,-2867.1389999999956,19798.65299999999,-4608.847999999998,-15769.447000000015,-12445.462999999989,1057.695000000007,3676.329999999987,-8957.600000000006,-12435.677999999985,13790.950000000012,2173.389999999985,2075.518000000011,-8829.741999999998,7742.02899999998,1.9830000000074506,2501.146000000008,-10491.986000000004,5875.4499999999825,11678.106000000029,-16290.982000000018,1990.2209999999905,12822.430000000022,4574.614999999991,2853.6449999999895,-8201.810999999987,6867.481,8707.505000000005,-4168.698000000004,-4319.353999999992,8137.780999999988,354.9539999999979,-1725.6730000000098,-25498.786999999982,1509.298999999999,-37502.81,19294.062999999995,15762.497000000003,2779.247000000003,15035.271999999997,7996.373999999982,-5133.427999999985,4272.5229999999865,8371.987000000023,6090.652000000002,-2256.4010000000126,3232.890000000014,633.1669999999867
"334 - Fabricación de equipo de computación, comunicación, medición y de otros equipos, componentes y accesorios electrónicos",,16873.688000000024,-7699.512000000046,-6777.681999999972,-11754.602000000014,5274.347000000009,21833.101000000024,9287.39499999996,-10451.784999999974,-1379.5279999999912,10914.462,-3303.4490000000224,-16160.11499999999,28262.16200000001,4924.464999999967,1478.3150000000023,-5082.989000000001,17419.434999999998,27932.217999999993,9696.989000000001,-2488.043000000005,-3841.0869999999995,39486.360000000044,5244.724999999977,-26865.55699999997,-8123.308000000019,40560.21100000001,-6406.045000000042,-183.0679999999702,-4296.063000000024,13236.824000000022,-5825.260000000009,-11020.576000000001,4467.976000000024,19660.87400000001,-1574.0680000000284,21103.136999999988,1119.8319999999949,7367.264000000025,-27467.22100000002,6027.667000000016,-98699.92800000001,78726.73800000001,4581.886999999988,24234.396000000008,-2759.140000000014,-426.9409999999916,-9351.73099999997,25006.62699999998,19720.773999999976,24934.26000000001,-10937.14499999996,-8680.22900000005,3095.9890000000014
"335 - Fabricación de accesorios, aparatos eléctricos y equipo de generación de energía eléctrica",,-4730.561000000016,36130.323000000004,-29421.244999999995,-4186.119999999995,-7356.554000000004,31159.958000000013,-15461.470000000001,5930.100999999995,-15050.792000000016,28288.799,-38027.307,-18059.636,-2390.7119999999995,5327.080000000016,-16098.119999999995,-385.66700000001583,16354.907999999996,-2044.9929999999877,-9673.345000000001,-2019.94200000001,5164.4250000000175,17403.34599999999,-18984.266999999993,-9863.432,11857.065999999992,5246.059999999998,1545.494000000006,-3692.5800000000163,3699.6230000000214,9743.338999999978,-8606.51999999999,-4254.695999999996,8060.260999999999,9357.820999999996,-12398.440000000002,-4646.161999999982,-1202.765000000014,3904.4770000000135,-8807.520000000019,-2368.438999999984,-21863.44100000002,39945.601000000024,4530.388999999996,745.6589999999851,12968.13500000001,1254.3770000000077,-5285.4250000000175,4121.792000000016,4693.3249999999825,-1723.0889999999781,-3122.320000000007,1838.0840000000026,-2739.536000000022
336 - Fabricación de equipo de transporte,,42208.16799999995,31140.87300000002,24698.77899999998,15956.685999999987,2557.3390000000363,28059.780000000028,5881.402999999933,59422.15399999998,10643.054000000004,18878.12400000007,-15719.42200000002,5630.548999999999,62262.47199999995,10487.506000000052,-26313.381000000052,34468.888000000035,66375.50699999998,-7188.554000000004,9481.494000000064,12431.765999999945,61119.71900000004,-20432.57500000007,10638.076000000001,-52060.48999999999,56424.5560000001,25082.95299999998,-9764.790000000037,48646.42100000009,28269.014999999898,35505.262000000104,-19160.32700000005,-8774.35300000012,47098.591000000015,60080.23200000008,-37631.46200000006,-10915.399999999907,47860.31400000001,-4137.109000000171,-139013.5399999998,41022.27199999988,-645515.649,641017.8670000001,10525.028999999864,-47232.90099999984,758.0409999999683,-70250.43200000003,16622.08600000001,107412.0369999999,2651.246000000043,79996.34499999997,-27049.35999999987,52749.75,49956.674999999814
"337 - Fabricación de muebles, colchones y persianas",,1476.4490000000005,11018.095000000001,-5693.608,-3308.3180000000066,-695.9719999999943,-2563.1150000000052,17536.711000000003,-13565.654999999999,3588.466999999997,7824.594000000005,-3325.316000000006,-10854.116999999998,4542.565000000002,1160.061999999998,6594.5380000000005,-11586.125999999997,-27.59700000000157,2866.2869999999966,10517.573000000004,-8775.04,2618.368000000002,345.8529999999955,3918.1460000000006,-7411.828999999998,2909.048999999999,1416.1829999999973,736.0080000000016,-4672.025999999998,-908.5780000000013,684.1030000000028,5728.363999999994,-4614.934999999998,1133.0720000000001,1204.6330000000016,3839.7090000000026,-5642.235000000001,258.791999999994,502.43500000000495,2824.398000000001,-6886.236000000004,-15588.224999999999,13968.578000000001,5621.818999999996,-1403.7589999999982,1880.6200000000026,3314.0639999999985,5530.076000000001,-6641.637999999999,-1334.2439999999988,318.7749999999942,1580.3860000000059,-6077.804000000004,267.40000000000146
339 - Otras industrias manufactureras,,3098.8910000000033,5102.279999999999,-5290.860000000001,1975.2639999999956,6630.826000000001,2829.930999999997,-2245.8469999999943,2567.2149999999965,10366.449000000008,-353.83699999999953,-6541.9100000000035,-2591.926999999996,9938.130999999994,-3160.697,-595.4100000000035,-1605.4379999999946,7213.338999999993,5228.324000000008,-7220.748000000007,-914.648000000001,8094.661000000007,4914.233999999997,-4520.599000000002,4773.981,7447.900999999998,543.4650000000111,-4776.106,3007.755999999994,4787.247000000003,1658.5380000000005,-609.9800000000105,-1441.87999999999,8301.22600000001,2142.2979999999807,-4600.970000000001,-5424.135999999999,-645.8879999999917,4781.596000000005,-1796.6040000000066,-7064.539000000004,-19356.44099999999,23599.853000000003,4106.596999999994,-1944.1070000000036,7311.853000000003,-130.93299999999,-1062.1640000000189,-5121.664999999994,8361.267000000007,-1180.5679999999993,22.797999999980675,-3438.957999999984,4729.858000000007
481 - Transporte aéreo,,-3464.1219999999994,1193.3529999999992,-1512.9249999999993,-394.3189999999995,-2083.9320000000007,5606.6759999999995,1336.9190000000017,-1346.6860000000015,-3595.741000000002,6303.503000000004,460.4279999999999,-1971.5180000000037,-2988.358,8476.815999999999,1563.8539999999994,-2831.061999999998,-2375.286,6623.891000000003,863.1069999999963,-2115.3459999999977,-1339.9279999999999,7350.271999999997,1106.2950000000055,-2600.618000000002,-402.487000000001,6648.646000000001,3240.296000000002,-4769.553,5050.896999999997,3743.411,932.3830000000016,183.9079999999958,1977.6530000000057,2148.459999999999,-83.07100000000355,-3256.1860000000015,5614.905999999995,3579.2620000000024,3776.8020000000106,-6653.850000000006,-59548.668,19189.121,15226.633999999998,-3171.1979999999967,15370.477999999996,5828.588000000003,7212.641999999993,-3410.7899999999936,11566.597999999998,3549.899000000005,3803.603000000003,-4441.421000000002,4282.040999999997
482 - Transporte por ferrocarril,,4020.8859999999986,-2943.7180000000008,1203.4420000000027,-1861.846999999998,2535.6739999999954,0.6730000000025029,-209.1160000000018,-23.36599999999453,418.4029999999984,-2407.095000000001,1080.7690000000002,-2692.8430000000008,2869.7880000000005,-697.8119999999981,1837.3189999999959,-3104.1409999999996,3661.630000000001,-53.51400000000285,-337.09799999999814,-1838.278999999995,3797.3659999999945,-814.8709999999992,-453.2639999999956,-843.7580000000016,3171.8929999999964,-2989.0469999999987,1350.2589999999982,-1430.9229999999952,3170.883999999998,-1688.489999999998,1013.7999999999956,-2831.9029999999984,4608.224000000002,-774.0169999999998,708.0939999999973,-4263.661,4483.065000000002,1439.3889999999956,-2149.7409999999945,577.6709999999948,-5342.064999999995,4798.9419999999955,-1700.712999999996,2255.4360000000015,2122.841999999997,-897.6109999999971,-602.3960000000006,550.4549999999945,397.8970000000045,1505.1029999999955,-1770.8259999999937,1133.541999999994,1189.6059999999998
483 - Transporte por agua,,2267.2259999999987,336.94200000000274,-147.70200000000114,-765.2400000000016,933.0200000000004,-29.125,-260.0139999999992,-1294.4609999999993,1046.3869999999988,633.4400000000023,-391.474000000002,-845.8950000000004,1173.4449999999997,1030.4950000000026,-623.4650000000001,-455.65000000000146,587.0970000000016,50.5769999999975,-1022.0210000000006,-277.4669999999969,-388.2350000000006,597.6620000000003,-1640.0840000000026,-356.0239999999976,1853.7710000000006,460.08599999999933,-1793.3970000000008,-345.97699999999895,995.2039999999979,-378.04899999999907,120.30199999999968,-1057.3309999999983,1422.3979999999974,382.60699999999997,-1647.5239999999976,-81.51100000000224,1015.1700000000019,-587.3549999999996,-1813.5920000000006,-745.755000000001,-1393.7569999999996,103.06500000000051,680.4089999999997,379.52599999999984,2666.0019999999986,605.8379999999997,-219.91799999999785,-1737.0040000000008,2029.7390000000014,-18.747999999999593,-1785.7870000000003,266.2489999999998,1506.8149999999987
484 - Autotransporte de carga,,40016.82499999995,14300.439000000013,19102.95900000003,-27267.920999999973,22841.619999999995,20177.542999999947,19011.58600000001,-4124.517999999924,21105.06599999999,426.34399999992456,21235.582999999984,-36493.027,41024.80000000005,-1300.85699999996,12573.445999999996,-17067.591000000015,35016.427000000025,6354.378999999957,27277.888999999966,-27342.966999999946,27895.62300000002,13064.315999999992,10708.09600000002,-36389.255000000005,32161.938999999897,6604.601000000024,16066.189000000013,-6421.118999999948,17580.652999999933,11557.625,20568.45900000003,-26739.540000000037,37540.01800000004,946.7260000000242,9178.61499999999,-26299.26899999997,17987.224999999977,713.3759999999311,-23865.40399999998,-22817.667999999947,-188395.95900000003,158514.12100000004,53056.546999999904,-9877.256999999983,19405.28899999999,3715.375,20390.474000000046,-12297.918999999994,27717.77800000005,21481.921999999904,-1593.33899999992,-7349.256000000052,27450.420999999973
"485 - Transporte terrestre de pasajeros, excepto por ferrocarril",,13745.928000000014,11310.72000000003,-3175.6600000000326,-12901.853999999992,15379.67300000001,8258.77899999998,-6349.641999999993,-10213.629000000015,2673.116000000038,12398.753999999957,-3254.7390000000014,-5463.90499999997,5603.760000000009,15492.803000000014,-2309.914000000048,-14177.81799999997,5406.660999999964,11775.321000000054,3967.3029999999562,-13669.637999999977,9466.012999999977,18306.32500000001,-520.2770000000019,-9126.07699999999,5959.5380000000005,17358.516999999993,-4465.131999999983,-10735.896999999997,5699.497999999963,9537.360000000044,396.16599999996834,-2482.244000000006,1020.719000000041,8076.983999999997,-5384.929000000004,-6533.703000000038,4047.225000000035,4149.747999999963,-5694.315000000002,-18975.25099999999,-246520.645,64194.11499999999,35100.67300000004,-2716.866000000038,78439.31800000003,-6633.771999999997,34574.16599999997,-2211.1539999999804,49498.00099999999,-5756.428000000014,10706.84500000003,-27307.667000000016,31859.24900000001
486 - Transporte por ductos,,465.5699999999997,39.47999999999956,-1521.2340000000004,1033.211000000003,150.16699999999764,-27.941999999999098,214.77799999999843,4.85200000000259,416.1419999999998,-917.1729999999989,168.53499999999985,-93.04100000000108,1166.4660000000003,-955.3160000000025,-10.393999999996595,-926.5850000000028,1319.8770000000004,-496.1239999999998,-1407.5519999999997,-833.130000000001,350.76800000000003,616.6680000000015,363.5119999999988,146.40699999999924,-559.3969999999972,-2558.3510000000024,-1519.079999999998,968.0450000000001,378.90500000000065,-3098.1960000000017,-1285.8829999999998,1865.2369999999992,799.4670000000006,-3085.753999999999,-1898.2610000000004,815.5409999999993,1220.9470000000001,-1197.5509999999995,1309.0810000000001,4817.073999999999,-1265.5419999999995,411.3829999999998,-297.5679999999993,1271.8590000000004,3210.9759999999987,-3922.5969999999998,-1228.8539999999994,4150.425000000001,4263.521000000001,-4164.822,-2188.5560000000005,1831.018,2143.793999999998
487 - Transporte turístico,,-113.221,-27.134000000000015,-77.5139999999999,166.1959999999999,9.905999999999949,1.8580000000001746,-86.68600000000015,110.92700000000013,-43.28200000000015,78.10600000000022,-48.986000000000104,188.82399999999984,-88.68299999999999,93.53200000000015,-150.95499999999993,144.13200000000006,-26.834000000000287,-25.19900000000007,-75.76799999999957,136.7449999999999,4.873000000000047,74.98599999999988,-125.40999999999985,149.4409999999998,-116.26600000000008,96.779,-51.327999999999975,115.45900000000029,80.22699999999986,3.643999999999778,-86.3409999999999,187.12199999999984,-67.9359999999997,114.33899999999994,-254.31399999999985,-38.17000000000007,90.59199999999964,153.9390000000003,146.71799999999985,-19.922000000000025,-2451.631,791.2529999999999,498.2750000000001,-112.17900000000009,469.83899999999994,110.90100000000007,48.73000000000002,69.72299999999996,322.1010000000001,100.01099999999997,-11.865000000000236,-9.763999999999669,2.4229999999997744
488 - Servicios relacionados con el transporte,,4312.3399999999965,-1127.1100000000006,3023.779999999999,130.83800000000338,3343.4080000000104,792.4669999999896,2604.6540000000095,-923.9040000000095,-1179.3150000000023,-635.3929999999964,4061.3870000000024,-3626.570000000007,1012.041000000012,264.1339999999909,2593.4890000000014,992.724000000002,2704.869000000006,1110.2779999999912,2931.777000000002,988.4530000000086,1460.435999999987,682.9360000000161,3160.176999999996,474.65099999998347,1776.56700000001,4448.578000000009,5875.8949999999895,-8557.310999999987,9181.30799999999,-3516.162000000011,9225.733000000007,-8718.869999999995,9284.049999999988,-1090.5779999999795,21.445999999996275,-13651.203999999998,7579.427999999985,-1722.1169999999984,4106.236999999994,-8681.838999999978,-62298.039000000004,30489.68299999999,22103.03499999999,-5202.407999999981,20379.121,13994.896000000008,15883.156999999977,-18265.985999999975,15609.357999999978,10106.154999999999,-2195.7509999999893,-16268.78899999999,7163.673999999999
491 - Servicios postales,,-263.0079999999998,908.6669999999999,-123.89900000000034,-527.2749999999996,574.3760000000002,143.23199999999997,328.67199999999957,-469.1120000000001,-454.5509999999995,947.0469999999996,-528.808,-728.107,419.5460000000003,460.0709999999999,344.21299999999974,-394.09999999999945,-455.40300000000025,929.5590000000002,-130.11300000000028,-806.6089999999999,-423.03200000000015,408.4549999999999,819.5300000000002,-791.2849999999999,12.50799999999981,649.5479999999998,-645.5079999999998,-789.4290000000001,-454.2489999999998,2580.272,-2029.176,-54.672000000000025,-115.68299999999999,2537.8819999999996,-1635.7579999999998,-1313.031,116.06600000000026,2711.024,-1641.853,-880.9070000000002,-359.2689999999998,3409.404,-2204.793,-1105.0699999999997,715.8849999999998,2309.7479999999996,-1001.7439999999997,-300.58699999999953,447.8689999999997,-337.2049999999999,24.79399999999987,47.17699999999968,1344.4250000000002
492 - Servicios de mensajería y paquetería,,-785.0929999999989,402.0649999999987,-968.4560000000001,-285.8760000000002,386.9250000000011,-222.0689999999995,972.8349999999991,-939.5249999999996,874.5249999999996,166.3160000000007,105.41699999999946,-761.6290000000008,509.375,-183.28299999999945,135.3090000000011,-426.1950000000015,-67.98499999999876,76.49499999999898,897.0529999999999,254.3060000000005,598.9789999999994,329.1990000000005,1093.1099999999988,-779.6119999999992,1235.0439999999999,166.45000000000073,1650.5529999999999,-58.31199999999808,725.5429999999978,-630.7299999999996,2242.3509999999987,-1071.887999999999,2490.047999999999,-1619.3329999999987,1367.2540000000008,-2078.327000000001,1223.8950000000004,294.5440000000017,1609.7159999999967,-1419.6759999999995,977.1790000000001,3168.3280000000013,2342.7829999999994,-378.3839999999982,-62.70800000000236,-838.4830000000002,4352.562000000002,-1114.0730000000003,-857.1749999999993,-1860.3790000000008,475.6749999999993,-1340.4660000000003,4627.646000000001
493 - Servicios de almacenamiento,,1298.4240000000027,-1191.0090000000018,486.78600000000006,375.242000000002,78.81499999999869,-1072.7799999999988,149.03499999999985,922.0,557.2219999999979,-493.0269999999982,-222.6160000000018,749.2440000000024,213.6319999999978,304.3019999999997,252.0600000000013,1383.2360000000008,-458.20700000000215,202.5139999999992,385.0650000000023,1319.9779999999992,-566.9749999999985,172.71399999999994,701.8129999999983,738.1490000000013,-886.6039999999994,700.0529999999999,737.7099999999991,-254.0540000000001,-436.3189999999995,-305.48099999999977,2494.230999999996,-3505.3279999999977,1153.3860000000022,-470.69500000000335,-775.6889999999985,-1578.2530000000006,1842.5820000000022,584.5550000000003,-161.9330000000009,512.6059999999998,194.6889999999985,276.9470000000001,-1716.1679999999978,1724.7129999999997,-1132.982,595.5279999999984,3364.4739999999983,-4124.7149999999965,-587.5030000000006,3268.209999999999,-360.25,-4052.5639999999985,-2632.331000000002
"511 - Edición de periódicos, revistas, libros, software y otros materiales, y edición de estas publicaciones integrada con la impresión",,3696.0959999999977,1063.2610000000022,-2088.898000000001,-2217.724,3357.0199999999986,1912.6020000000026,-1938.612000000001,-2991.146999999999,3516.241,1478.637999999999,-2022.5390000000007,-3470.664999999999,4006.9159999999993,825.7390000000014,-1289.0499999999993,-2505.5420000000013,3098.184000000001,660.3209999999999,-1385.2820000000029,-1429.1139999999978,2695.328999999998,277.9840000000004,-187.9399999999987,-3668.4220000000005,4091.7070000000003,37.67199999999866,-14.448999999996886,-4558.542000000001,3477.8639999999978,179.19100000000253,-298.52200000000084,-5399.826999999999,4998.848,828.3889999999992,-1154.469000000001,-5557.636999999999,2980.0570000000007,3139.602999999999,-1689.0810000000001,-3433.2659999999996,-424.4220000000005,1899.5950000000012,-337.77600000000166,-2041.8599999999988,4931.018999999998,-1577.6249999999982,-575.2990000000009,495.884,5680.254999999999,-5214.249,-848.6219999999994,-841.7829999999994,1509.8670000000002
"512 - Industria fílmica y del video, e industria del sonido",,8609.043000000001,-5265.1939999999995,-3420.577000000001,943.2170000000006,9589.379,-5782.188000000002,-4244.292999999998,1016.7969999999987,12425.197,-7608.3189999999995,-3354.7930000000015,146.8719999999994,10345.309000000001,-3198.501,-5702.145,587.857,10407.472999999998,-7135.828999999998,-2689.5649999999987,2277.0459999999985,9619.421999999999,-7340.267999999996,-1600.9500000000007,3019.4130000000005,6454.763000000003,-1215.9500000000044,-3545.3960000000006,1353.196,5642.927,-3480.2050000000017,360.4360000000015,-3548.7999999999993,11655.954000000002,-4181.4749999999985,-5376.171000000002,-3570.7959999999985,14613.719999999998,-3727.212999999996,-2116.173999999999,-15056.928000000004,-18166.984,2247.8060000000005,5652.784,-4146.757,7052.494000000001,2346.374,-1425.0740000000005,1263.3029999999999,12054.448,-5178.901000000002,-1806.0879999999997,484.4360000000015,27067.887
515 - Radio y televisión,,2380.814000000002,8558.929999999997,8212.698000000004,-16475.592,-70.13100000000122,8784.310000000001,9170.008000000002,-18491.370000000003,795.6630000000005,9038.116999999998,10176.357000000004,-20686.935,788.0019999999968,10110.154999999999,13228.100000000006,-22265.304000000004,-1176.4860000000008,7530.068000000003,15715.326000000001,-18879.947,2398.4219999999987,3347.4609999999957,15733.992000000006,-21768.472,-833.0089999999982,3138.976999999999,14498.400000000001,-17229.08,2373.4230000000025,4070.5799999999945,12183.703000000001,-18045.856999999996,1494.1440000000002,8980.030999999995,8391.086000000003,-19400.560000000005,-2479.271999999997,6616.752,7469.999000000003,-21519.592000000004,-4127.508999999998,11294.146,14432.737999999998,-21907.403,7881.661,16455.936,1421.2969999999987,-11189.86,21496.903,6672.068000000007,-2417.2290000000066,-18895.051,16423.980000000003
517 - Telecomunicaciones,,2117.3640000000014,-2734.6379999999917,5902.043999999994,-4470.618000000002,5392.74500000001,3189.256999999998,3686.5629999999946,4623.069000000003,2918.058999999994,658.2370000000083,11729.040999999997,-5678.467000000004,-1610.1520000000019,-19.04999999998836,7052.437000000005,-1302.268000000011,6111.171000000002,-4369.255000000005,10743.956000000006,18353.022999999986,8442.263000000006,10598.323999999993,19418.132000000012,8858.795000000013,7297.918999999994,5159.680999999982,12432.557,7026.339000000007,4485.822000000015,-56.73700000002282,9554.611000000004,-7989.546000000002,14756.875,-5524.737999999983,28306.752000000008,-15957.400000000023,1785.6770000000251,27855.96299999999,22337.55900000001,-23089.92200000002,-6500.97100000002,7207.575000000012,35450.755000000005,-43884.28200000001,29009.362000000023,10318.016999999993,13045.041000000027,4073.3589999999967,13496.65399999998,-17592.137999999977,12094.819999999949,15613.663,24777.61500000005
"518 - Procesamiento electrónico de información, hospedaje y otros servicios relacionados",,-173.371000000001,-582.1859999999997,-544.5839999999989,1015.7979999999989,338.46200000000135,-346.8250000000007,-436.1730000000007,2.7740000000012515,1143.0099999999984,-535.2749999999996,-370.15999999999985,-462.73499999999876,991.5619999999999,-742.4180000000015,577.9430000000011,-602.9330000000009,1223.0699999999997,-758.3019999999997,-102.5619999999999,164.58699999999953,489.7930000000015,-1661.4410000000007,-437.5450000000001,-1062.245,692.8299999999999,-424.45700000000033,204.35200000000077,282.65099999999984,546.9769999999999,-344.35300000000007,653.8630000000003,-581.8190000000004,799.8560000000007,-433.1790000000001,488.9899999999998,148.4310000000005,-284.78900000000067,493.6749999999993,-135.6949999999997,-279.7669999999998,-1199.2609999999995,527.6089999999995,281.1419999999998,73.7569999999996,859.6110000000008,-82.12700000000041,1144.0640000000003,-1080.1170000000002,873.2039999999997,600.7200000000012,594.3829999999998,-457.2659999999996,1200.7819999999992
519 - Otros servicios de información,,529.6100000000001,204.28899999999976,179.76400000000012,-872.8449999999998,332.48099999999977,178.35300000000007,39.12300000000005,-191.92999999999984,324.82199999999966,62.68299999999999,-117.95199999999977,-202.2180000000003,34.31100000000015,72.2470000000003,174.63799999999992,-273.2550000000001,333.6590000000001,114.53399999999965,114.25400000000036,-361.9810000000002,216.1840000000002,139.69900000000007,132.99699999999984,-420.2750000000001,116.04100000000017,-124.39699999999993,-45.40800000000036,-478.991,-28.98799999999983,155.0039999999999,-408.51599999999985,-549.665,117.90199999999982,39.72000000000003,158.76099999999997,-309.6969999999999,-162.37799999999993,54.73199999999997,184.29399999999987,-304.595,-70.73399999999992,-22.638999999999896,160.55999999999995,-97.00600000000009,37.259000000000015,147.81400000000008,125.12300000000005,-78.08699999999999,10.627999999999929,6.117999999999938,54.902000000000044,-89.57500000000005,-60.44900000000007
521 - Banca central,,646.4030000000021,1009.8949999999968,1212.2090000000026,855.5109999999986,867.9910000000018,807.1970000000001,582.2330000000002,303.76199999999517,33.71600000000035,661.9320000000007,887.6310000000012,1312.0049999999974,159.39100000000326,0.9700000000011642,760.0069999999978,-193.3269999999975,68.83200000000215,529.1199999999953,1089.836000000003,907.9279999999999,76.30399999999645,-52.250999999996566,-174.39800000000105,281.67199999999866,-409.6290000000008,326.5639999999985,706.8070000000007,650.3150000000023,-381.8689999999988,-414.1489999999976,-830.2830000000031,-2022.3799999999974,-166.35900000000402,330.71399999999994,2037.6209999999992,2841.3510000000024,499.29899999999907,1219.512999999999,-107.97499999999854,-393.68299999999726,152.74199999999837,-451.7220000000016,-265.27100000000064,8.417999999997846,-355.30199999999604,52.62999999999738,-109.25800000000163,-929.4939999999988,-311.8240000000005,-297.19199999999546,-686.4449999999997,-364.8480000000054,-557.2929999999978
522 - Instituciones de intermediación crediticia y financiera no bursátil,,31765.694000000018,-21041.918999999994,27021.628000000026,-30960.579000000027,-3433.484999999986,13435.811999999976,52775.326,-26143.246999999974,-10600.76000000001,21405.467999999993,35722.119999999995,-16351.534999999974,28764.011,9992.047999999952,38877.899000000034,-27244.924,2100.8520000000135,11760.934999999998,40903.71799999999,-17118.01800000004,1850.4680000000517,23456.003999999957,52141.06799999997,-9199.458999999915,733.2489999999525,29336.380000000005,51922.14100000006,-13812.30700000003,2351.8040000000037,26354.646999999997,27214.589999999967,-35172.82700000005,3269.4280000000726,44611.59299999999,18746.381999999983,-27695.618999999948,-12151.984000000055,-10551.795999999973,-15633.140000000014,-12954.060000000056,-29914.75199999998,-2732.307999999961,1923.1189999999478,-2383.3279999999795,33167.098,10275.452000000048,-11731.319000000018,-9906.569000000018,27291.592000000062,2701.402999999933,8037.719999999972,4276.587999999989,24273.689000000013
"523 - Actividades bursátiles, cambiarias y de inversión financiera",,99.49499999999898,3329.691999999999,10856.322999999997,-4753.275999999998,1975.573000000004,-447.2439999999988,2402.5369999999966,-6420.487000000001,-5914.0999999999985,-832.4989999999998,12034.255000000001,14513.072999999997,-6090.517999999996,-4777.4000000000015,2458.9219999999987,-16644.641,-19.425999999999476,-6432.094000000001,988.0859999999993,-826.2109999999993,4025.402000000002,-4187.947,-3483.0600000000013,5129.644,-4250.753000000001,-268.65499999999884,2650.2289999999994,3237.9439999999995,-3288.0380000000005,-596.1630000000005,3900.884000000002,-3609.8050000000003,-520.3280000000013,-3057.4149999999972,5083.977999999999,1576.9529999999977,346.8130000000019,-2745.313000000002,2331.863000000001,-5425.648000000001,5461.976000000002,-2412.796000000002,1355.300000000003,-3177.9940000000024,-624.8590000000004,-710.3869999999988,2367.0960000000014,744.2249999999985,-3101.9039999999986,-4582.952000000001,4313.233,-850.2299999999996,2546.589
"524 - Compañías de seguros, fianzas, y administración de fondos para el retiro",,2349.6900000000023,3370.3929999999964,3623.544000000009,-449.3020000000106,483.44200000001,872.9989999999962,-3763.868000000002,4852.504000000001,-816.5840000000026,1275.8340000000026,2426.9400000000023,9010.699999999997,8596.895000000004,1489.224000000002,277.875,-291.0040000000008,2445.705999999991,-460.11999999999534,376.49800000000687,4094.4479999999894,4797.084000000003,402.8399999999965,3180.6600000000035,7843.737999999998,7359.473000000013,3422.70199999999,-1813.7749999999942,1195.3789999999863,205.00200000000768,938.247000000003,-1757.383999999991,2819.929999999993,1894.7969999999914,4827.732000000018,5212.22199999998,7015.1750000000175,-1914.5200000000186,4680.2240000000165,5119.736999999994,3808.6989999999932,-11972.290000000008,975.6660000000265,1969.4809999999998,7131.965999999986,-11855.584999999992,1750.2119999999995,1748.4279999999853,6576.167000000016,-8653.733000000007,1308.0780000000086,435.92699999999604,9800.972000000009,-8070.656000000017
531 - Servicios inmobiliarios,,64453.27099999995,35412.50699999998,36407.83600000013,-67464.69000000018,37022.44100000011,31330.523999999976,51318.09300000011,-77005.93900000001,36729.12699999986,38839.9580000001,41541.091000000015,-88911.4040000001,25942.966999999946,37292.43800000008,35078.534999999916,-57641.44999999995,22982.711000000127,37299.71499999985,28102.361000000034,-60912.57499999995,53491.53000000003,25637.399999999907,25614.97800000012,-59091.04099999997,49891.45399999991,15559.012000000104,24706.873999999836,-11540.102999999886,13950.477999999886,-3665.848999999929,-732.0160000000615,-3680.210999999894,38079.028999999864,16880.841000000015,2910.9270000001416,-10378.76000000001,13466.561999999918,11157.277999999933,37181.86599999992,-20228.2089999998,-71261.1810000001,55149.0,51642.1390000002,-7295.26500000013,13722.10300000012,17659.742000000086,38054.246999999974,-52088.804000000004,27358.832999999635,27344.555000000168,49420.98900000006,-67159.34899999993,29778.956999999937
532 - Servicios de alquiler de bienes muebles,,-11670.613999999998,25099.862999999998,-15277.595999999998,3397.5959999999977,-12818.537,26841.002000000004,-16086.949000000004,4212.734,-13873.568,26890.525,-18887.238,4292.338,-12528.748,24962.169,-17463.397,3047.9680000000008,-8758.541000000001,31954.591999999997,-19135.996999999996,6189.968000000001,-8937.715000000004,10271.092000000004,-10613.871,1007.2679999999964,-3769.4550000000017,19774.662000000004,-13810.283000000003,-5820.093999999997,-2883.462000000003,7971.038000000004,5603.101999999999,3870.354999999996,-12307.353,-1584.6139999999978,-1975.2979999999989,4640.925999999996,-1351.9779999999992,873.8220000000038,-4043.4100000000035,6139.241999999998,-12075.252999999997,2145.785,-3516.947,673.4979999999996,-703.7000000000007,6394.695,-2043.061999999998,-7938.709999999999,9483.005999999998,2477.621000000003,1908.3619999999974,-13596.321,13148.457000000002
"533 - Servicios de alquiler de marcas registradas, patentes y franquicias",,2292.4779999999955,3416.590000000004,-6010.326000000001,931.6820000000007,2524.360999999997,5117.504000000001,-6696.434999999998,1443.065999999999,3430.542999999998,5141.534,-7489.985000000001,228.86300000000483,2732.9709999999977,7504.722000000002,-6458.781000000003,24.915000000000873,1440.3050000000003,2563.633999999998,1673.8009999999995,-5568.017999999996,6124.773000000001,635.7079999999987,3431.5939999999973,-8608.048999999999,8233.313000000002,-860.5820000000022,3423.1690000000017,-7740.0610000000015,711.25,-1202.1500000000015,1238.5180000000037,-4384.991000000002,5355.012000000002,-2348.589,811.3099999999977,-4008.9720000000016,2994.478000000003,4107.383000000002,-1539.8689999999988,-172.0850000000064,-15734.486999999994,7173.700999999994,2126.4230000000025,-3258.591999999997,2655.631999999998,5969.415999999997,240.74400000000605,-1574.9410000000062,-14007.297999999995,25350.104999999996,3470.952000000005,-5839.860000000001,-22669.795000000006
561 - Servicios de apoyo a los negocios,,-1966.136999999988,-6256.025999999954,42301.85099999991,-11608.701999999932,9260.631999999983,596.2839999999851,38303.74300000002,-32625.552000000025,17239.222000000067,-4935.852000000072,70342.79300000006,-41162.22100000002,3719.8589999999385,-9248.921999999904,69977.679,-64379.8600000001,12642.236000000034,-11956.434000000008,45569.43300000008,-36619.46000000008,10161.927000000025,-17553.19499999995,47498.18499999994,-31462.597999999998,1370.0899999999674,-24056.33600000001,84074.0830000001,-21737.58500000008,-6033.118000000017,8303.743000000017,81529.36800000002,-69396.26399999997,23164.947999999975,15527.34600000002,46865.478999999934,-38627.66799999995,-2460.655000000028,19306.32700000005,57678.59899999993,-67747.97499999998,-67484.40399999998,73271.06099999999,75296.01000000001,-2428.9649999999674,-83052.90800000005,-394607.20999999996,-97059.696,-22827.592999999993,-11834.68100000004,-1004.9239999999991,-4901.939999999973,-8535.464000000007,-17334.266000000003
562 - Manejo de residuos y servicios de remediación,,916.357,2892.952000000001,-2101.4630000000016,-1914.0199999999986,896.509,2714.0109999999986,-1739.6369999999988,-1851.9449999999997,1033.1149999999998,1576.5679999999993,-72.66899999999987,-1851.0049999999992,1189.726999999999,514.8459999999995,-668.8799999999992,-1050.0840000000007,13.709000000000742,184.45900000000074,292.0189999999984,353.3780000000006,792.1759999999995,-181.54199999999946,184.92000000000007,-561.2749999999996,1203.2129999999997,-598.5100000000002,992.9169999999995,-747.1769999999997,-166.41399999999885,1303.2829999999994,-498.6360000000004,-664.3060000000005,689.1900000000005,323.6910000000007,140.8799999999992,-679.655999999999,204.18099999999868,631.7450000000008,848.226999999999,-876.6709999999985,-2799.157000000001,3394.9500000000007,1519.6589999999978,825.1750000000029,137.27799999999843,412.26900000000023,220.2479999999996,-506.8819999999978,-896.4840000000004,-2305.5650000000005,652.4049999999988,2651.3599999999988,3442.2260000000024
621 - Servicios médicos de consulta externa y servicios relacionados,,-8759.98000000001,13611.37400000001,6198.347999999998,-4711.186000000016,-8085.975000000006,15421.498000000021,-903.3710000000137,-1670.658999999985,-9925.68300000002,18459.296000000002,-1172.0270000000019,1236.5329999999958,-11123.571999999986,12699.093999999983,-1556.3389999999781,3630.4979999999923,-12962.978999999992,14681.194999999978,-569.9890000000014,1401.832000000024,-9825.48000000001,12150.056000000011,1533.298999999999,-1110.9750000000058,-9146.872000000003,10086.397999999986,-1814.9639999999781,2967.9100000000035,-4891.279999999999,11754.973999999987,-2064.216000000015,-140.34399999998277,-5418.4130000000005,17719.842000000004,-6907.2240000000165,3383.298999999999,-7596.657999999996,10317.25,-7960.225999999995,-12582.71100000001,-15165.062999999995,23061.724000000017,1362.4199999999837,-1987.0279999999912,19439.76800000001,-6428.1050000000105,-6815.301000000007,2893.1570000000065,17445.837,-10643.130000000005,-9118.915000000008,-953.3459999999905,20096.69099999999
622 - Hospitales,,-8807.176000000007,18674.03700000001,921.9170000000158,224.89999999996508,-12315.627999999968,17322.757999999973,-1792.5389999999898,2501.7880000000005,-11501.712,18651.794999999984,-1132.8739999999525,193.43699999997625,-16840.04999999999,16342.16399999999,-1772.4980000000214,267.1030000000028,-16829.217000000004,13339.266999999993,-6662.275999999954,-6190.132000000041,-16457.734999999986,15208.89400000003,1804.2689999999711,5383.357000000018,-7393.520000000019,17186.10600000003,-1484.7240000000456,-2609.1869999999763,-11256.985999999975,13864.155999999959,-1008.7429999999586,2208.9659999999567,-6296.3889999999665,15981.36599999998,1878.4430000000284,268.03999999997905,-7405.819000000018,10214.05600000004,-2855.347000000009,-6507.902000000002,4291.4529999999795,20901.965000000026,2981.7579999999725,-1754.2490000000107,3410.2210000000196,8202.844999999972,-12098.927999999956,2058.963999999978,11988.862000000023,-2999.9280000000144,-7547.9160000000265,4039.177000000025,11361.456999999995
623 - Residencias de asistencia social y para el cuidado de la salud,,-49.496999999999844,72.58899999999994,533.1199999999999,-559.6659999999997,-20.669000000000324,-17.90899999999965,568.9089999999997,-535.9789999999998,71.91899999999987,28.84400000000005,397.7310000000002,-460.692,43.721000000000004,-61.677999999999884,364.29299999999967,-408.7979999999998,-26.960000000000036,30.90000000000009,219.8159999999998,-238.19900000000007,48.0300000000002,-91.8720000000003,259.16600000000017,-183.6010000000001,-38.94499999999971,20.858999999999924,329.02,-423.89400000000023,56.89499999999998,47.271000000000186,373.701,-279.34900000000016,-77.16799999999967,102.83899999999994,54.75799999999981,-164.2199999999998,-63.69200000000001,-66.27300000000014,67.91899999999987,-90.11899999999969,-246.5880000000002,-11.110999999999876,103.94200000000001,-18.36200000000008,36.34299999999985,-43.115999999999985,36.88700000000017,62.16599999999971,-112.30599999999959,78.404,108.58699999999999,22.736999999999625,-152.7539999999999
624 - Otros servicios de asistencia social,,1003.6879999999983,-1425.6759999999995,597.775999999998,-690.6399999999994,864.6110000000008,-1340.7589999999982,765.2079999999987,-401.7619999999988,1080.5879999999997,-1253.4520000000011,739.1280000000006,-506.15100000000166,978.4660000000003,-1326.9379999999983,675.6049999999996,-484.0839999999989,959.4549999999981,-1284.179,713.0649999999987,-476.5499999999993,945.0460000000021,-1284.7940000000017,665.7900000000009,-653.5689999999995,1338.2969999999987,-1442.7879999999986,176.60099999999875,-287.97999999999956,992.3649999999998,-1365.4930000000004,514.9070000000011,-105.0640000000003,1666.289999999999,-2131.861999999999,-434.7900000000009,-1069.821,1201.4700000000012,-133.39500000000044,3316.324999999999,3096.8600000000006,-11683.576,-651.9680000000008,1669.4750000000004,491.59900000000016,1798.2639999999992,1428.7309999999998,2027.1890000000003,323.53800000000047,1277.1899999999987,-1027.4709999999977,1156.4559999999983,1505.9010000000017,-1377.6680000000015
"711 - Servicios artísticos, culturales y deportivos, y otros servicios relacionados",,-5059.635999999999,-9030.819,9761.322000000004,5773.2019999999975,-6224.847000000002,-9922.64,10736.472000000002,4343.881000000001,-3264.662000000004,-9885.018,12481.338,4321.658000000003,-5937.417000000001,-8532.667000000001,10498.373,3433.3930000000037,-5653.2950000000055,-6355.267999999996,8868.794000000002,2547.617999999995,-651.9379999999946,-7786.017,7362.632999999994,3326.720000000001,873.2410000000018,-8974.430999999997,7762.413999999997,1056.9820000000036,316.40899999999965,-8528.440000000002,11845.464,-1630.5809999999983,650.7219999999943,-7797.3529999999955,6998.155999999995,-1118.2539999999935,574.5999999999985,-6482.586000000003,8959.148000000001,-7420.489000000001,-26735.729,820.3709999999992,6050.2930000000015,5905.763000000003,4392.6029999999955,-7041.447999999997,12392.335,-10554.735,5263.103999999999,9091.332999999999,18291.052000000003,-21995.782,6240.578000000001
"712 - Museos, sitios históricos, zoológicos y similares",,418.4180000000006,-711.9780000000001,-1410.4710000000005,1380.4279999999999,748.2350000000006,-589.5259999999998,-1431.4490000000005,1770.6480000000001,866.2400000000007,-491.6820000000007,-1756.2610000000004,1643.0710000000008,-136.3800000000001,-492.826,-964.777,903.6979999999994,824.5240000000003,-911.4520000000002,-853.4279999999999,1473.665,956.3849999999993,-822.0679999999993,-1684.8069999999998,678.317,1210.7380000000003,1015.067,-1908.3630000000003,32.20299999999952,1950.813000000001,-1494.0890000000009,-1023.0249999999996,1963.96,354.96199999999953,-1239.7799999999997,-2403.054,-2083.0029999999997,1158.3400000000001,4025.2610000000004,5751.258,5942.433000000001,-19146.021,877.7779999999999,1455.298,48.92000000000007,4800.691,-1124.6440000000002,2109.031,258.39600000000064,5073.608,1724.869999999999,-1995.929,104.98400000000038,3262.187
713 - Servicios de entretenimiento en instalaciones recreativas y otros servicios recreativos,,-930.6179999999949,-598.6510000000053,-3245.9449999999997,4774.124000000003,-921.5060000000012,-1914.5179999999964,-3265.033000000003,5024.911,-372.9349999999977,193.10299999999552,-1719.9649999999965,3802.220000000001,-689.6759999999995,-238.9979999999996,452.50399999999354,-2100.755999999994,1120.5249999999942,-129.3449999999939,-1135.8930000000037,1358.2459999999992,-37.85299999999552,-331.724000000002,700.8989999999976,-1946.2449999999953,1550.101999999999,3872.5469999999987,-1839.648000000001,72.71399999999994,-294.88700000000244,-863.987000000001,-549.6610000000001,2437.5210000000006,-1825.6630000000005,2033.8270000000048,-1246.3570000000036,-2745.722999999998,712.9259999999995,381.0390000000043,1688.7639999999956,-6241.432999999997,-43264.659,13643.756,13883.060999999998,-4787.489999999998,9559.426,3211.5,5120.262000000002,11643.061000000002,-11535.056000000004,5328.241999999998,1383.7420000000056,14015.029000000002,11075.955999999991
721 - Servicios de alojamiento temporal,,-2546.6300000000047,-2127.771000000008,-4285.024000000005,8265.86500000002,1423.1869999999763,603.198000000004,-371.4979999999923,11487.570000000007,1476.1600000000035,5174.985999999975,-2674.0080000000016,10183.954000000027,-6489.767000000022,7274.940000000002,-3341.6229999999923,12881.83600000001,2727.398999999976,2319.9950000000244,2150.1879999999946,11275.655999999988,2768.542000000016,3636.1389999999956,33.171999999991385,9278.641999999993,-10041.875,5505.747000000003,-28.125,5422.417000000016,9916.695999999996,-1902.8159999999916,-3663.7760000000126,11757.905999999988,-3436.0959999999905,1678.8999999999942,-2596.764999999985,-544.5810000000056,7354.693999999989,-1629.7099999999919,5775.46100000001,-34506.34300000002,-212245.742,67068.412,46727.617,-7615.326000000001,62154.106,19314.833000000013,37775.97999999998,-14979.737999999983,38004.956999999995,2835.8069999999716,10014.319000000018,-8786.409999999974,4881.456000000006
722 - Servicios de preparación de alimentos y bebidas,,13695.32699999999,-3313.648999999976,-1051.1319999999832,-10877.390000000014,16988.919999999984,3064.2110000000102,-1533.3300000000163,-7892.902000000002,19465.88300000003,-1770.524000000034,-1722.0929999999935,-22286.95299999998,13665.530999999959,58.429000000003725,9159.029000000039,-25833.918000000005,1543.9340000000084,1778.4799999999814,8932.946999999986,-12332.703999999969,22304.872999999963,-581.3399999999674,12978.812999999966,-34944.437999999966,11692.630999999994,15137.315000000002,22220.516000000003,-32141.745999999985,14072.175999999978,-15260.684000000008,-1122.6610000000219,10637.533000000054,4638.096999999951,-15577.65499999997,1583.195000000007,1412.7600000000093,15784.796999999962,-8889.125,4800.310999999987,-29882.10499999998,-137828.84399999998,32979.47099999999,35355.56599999999,-7861.78899999999,30100.34599999999,8044.495999999985,22416.842000000004,-3010.375,34854.75099999999,-32964.80699999997,14194.478000000003,-6293.001999999979,33610.36599999998
811 - Servicios de reparación y mantenimiento,,-2500.9830000000075,-1211.4579999999987,-3737.278999999995,6585.528000000006,373.7439999999915,-594.5129999999917,-2982.673999999999,3880.7189999999973,2987.5369999999966,-3108.7339999999967,283.57399999999325,1134.9119999999966,4410.3290000000125,-1637.3010000000068,-962.6079999999929,-1065.5580000000045,7766.5669999999955,-6283.923999999999,-4933.4649999999965,-2818.1879999999946,8575.144,3377.202999999994,9541.601999999999,-13451.207999999999,6603.222999999998,-2307.7660000000033,8259.318,-13242.92899999999,-398.85400000000664,1525.5069999999978,6594.339000000007,-13248.38900000001,6321.048999999999,7982.659,557.3380000000034,-15107.232999999993,8985.993000000002,4004.7839999999997,-4704.327000000005,-14839.702000000005,-21279.933999999994,23740.97499999999,1149.3240000000078,-11507.494000000006,2461.546000000002,22718.770000000004,-550.4150000000081,-20209.822,-5778.334999999992,35199.811,-5115.385999999999,-11969.304000000004,-19159.887000000002
812 - Servicios personales,,2181.7179999999935,-115.90100000001257,674.6160000000091,-2099.1600000000035,5321.070999999996,271.445000000007,1294.4020000000019,-3251.0780000000086,4455.915000000008,1358.1969999999856,908.6730000000098,-3271.8830000000016,4880.619999999995,2372.3399999999965,582.5560000000114,-3662.475999999995,2368.112999999983,3577.265000000014,-806.0409999999974,3181.535999999993,-3885.1179999999877,2762.573000000004,6358.296000000002,-1235.5710000000254,2470.9950000000244,-23.31500000000233,702.5239999999758,-241.5009999999893,1541.4800000000105,-1587.6600000000035,3172.7919999999867,2261.216000000015,-1105.005999999994,-5379.510000000009,1803.2820000000065,8516.003999999986,-7290.654999999999,5594.187000000005,-3896.209999999992,1364.438999999984,-46070.812000000005,17231.677000000025,-2723.3820000000123,10725.016000000003,-7502.953000000009,22347.891000000003,-11063.231,8992.303000000014,-15070.410000000003,19518.72,-10916.244000000006,11415.141999999993,-14245.96100000001
813 - Asociaciones y organizaciones,,551.7320000000036,-3489.020000000004,2701.9770000000062,-642.4880000000048,2402.512999999999,-2247.327999999994,2083.3859999999986,-479.8290000000052,1278.800000000003,-2145.283000000003,-238.48599999999715,2936.506999999998,-1110.2849999999962,-858.2360000000044,-1498.3940000000002,-663.9079999999958,6958.841,-3720.866000000002,-3449.930999999997,1185.1659999999974,4481.711000000003,-1199.112000000001,1282.4020000000019,-141.2760000000053,3634.215000000004,-10261.438999999998,4596.024999999994,2675.665000000001,-7042.25,5658.275999999998,735.9470000000001,-640.9159999999974,2492.0250000000015,2304.4720000000016,36.320999999996275,6148.033000000003,-407.622000000003,-11806.896999999997,-794.3800000000047,9071.768000000004,-26474.643000000004,4967.088000000003,4692.108999999997,6822.886000000006,-9467.581000000006,7258.677000000003,8.73700000000099,5816.564999999995,-10897.147999999994,1343.400999999998,995.8300000000017,6458.312999999995,-9012.754
814 - Hogares con empleados domésticos,,572.7360000000044,1102.6110000000044,-44.57700000000477,-1754.354999999996,1871.9899999999907,1527.4260000000068,1624.4180000000051,1638.0979999999981,2090.7599999999948,2331.095000000001,748.1450000000041,-1326.541000000012,715.8560000000143,77.29599999998754,276.8280000000086,-1850.2839999999997,1784.275999999998,1974.804999999993,1422.0140000000101,735.3349999999919,881.3310000000056,1636.1199999999953,240.92699999999604,-1342.5669999999955,-483.502999999997,794.7419999999984,-447.0479999999952,-1657.5040000000008,607.1879999999946,40.13499999999476,-1527.2939999999944,-2898.396999999997,-88.57499999999709,1882.2069999999949,2286.7869999999966,175.4100000000035,1500.5529999999999,1453.4919999999984,-294.50999999999476,-3084.3600000000006,-5850.781000000003,-1708.7799999999988,-172.20799999999872,-202.875,2023.5899999999965,-1688.1719999999914,1173.6499999999942,-328.7679999999964,1445.479999999996,176.23500000000058,1388.603999999992,7.7150000000110595,903.7119999999995
"93 - Actividades legislativas, gubernamentales, de impartición de justicia y de organismos internacionales y extraterritoriales",,49033.16500000004,-11094.405000000028,55077.94299999997,-86811.478,30942.29600000009,6475.594999999972,86707.91399999999,-79062.13800000004,37199.47999999998,-26105.77000000002,75918.18000000005,-108508.51300000004,19020.457000000053,14797.959999999963,85037.26100000006,-96394.14100000006,2547.624000000069,27483.032999999938,78540.32500000007,-64590.32900000003,-12640.619000000064,-6083.8589999999385,73922.45499999996,-76538.407,7906.756000000052,6196.119999999995,79602.83600000001,-91805.45200000005,-3928.560999999987,4275.290000000037,81303.64599999995,-46140.98800000001,11837.521000000066,-36072.908999999985,57067.83499999996,-56177.36400000006,-12558.407999999938,-8721.393999999971,78916.93900000001,-51621.773000000045,-7826.150999999954,-13179.252000000095,59861.91300000006,-58107.55300000007,3243.5870000000577,-19431.636999999988,61034.10499999998,-52063.660999999964,5733.145000000019,4838.17499999993,34367.91200000001,-37906.93000000005,4968.024000000092
